<?xml version="1.0" encoding="UTF-8"?>
<project-private xmlns="http://www.netbeans.org/ns/project-private/1">
    <editor-bookmarks xmlns="http://www.netbeans.org/ns/editor-bookmarks/2" lastBookmarkId="0"/>
    <open-files xmlns="http://www.netbeans.org/ns/projectui-open-files/2">
        <group>
            <file>file:/C:/Users/HP/Documents/NetBeansProjects/studentReg2/src/home.java</file>
            <file>file:/C:/Users/HP/Documents/NetBeansProjects/studentReg2/src/about.java</file>
            <file>file:/C:/Users/HP/Documents/NetBeansProjects/studentReg2/src/addAdmin.java</file>
            <file>file:/C:/Users/HP/Documents/NetBeansProjects/studentReg2/src/addStudent.java</file>
            <file>file:/C:/Users/HP/Documents/NetBeansProjects/studentReg2/src/admin.java</file>
            <file>file:/C:/Users/HP/Documents/NetBeansProjects/studentReg2/src/login.java</file>
            <file>file:/C:/Users/HP/Documents/NetBeansProjects/studentReg2/src/showAdmin.java</file>
            <file>file:/C:/Users/HP/Documents/NetBeansProjects/studentReg2/src/showStudent.java</file>
            <file>file:/C:/Users/HP/Documents/NetBeansProjects/studentReg2/src/student.java</file>
        </group>
    </open-files>
</project-private>
